{"routes":[{"route":"/login","rewrite":"/index.html","allowedRoles":["anonymous"]},{"route":"/auth-debug","rewrite":"/index.html","allowedRoles":["anonymous","authenticated"]},{"route":"/static/*","allowedRoles":["anonymous","authenticated"]},{"route":"/manifest.json","allowedRoles":["anonymous","authenticated"]},{"route":"/favicon.ico","allowedRoles":["anonymous","authenticated"]},{"route":"/","rewrite":"/index.html","allowedRoles":["authenticated"]},{"route":"/*","rewrite":"/index.html","allowedRoles":["authenticated"]}]}